id,Producto,Cantidad,Precio_Unitario,Vendedor,Ciudad
1,Suzanne,35.28,9.99,Suzanne Crips,Stockton
2,Adelina,11.09,3.99,Adelina Petrasso,Zabukovica
3,George,30.67,39.99,George Garvie,Ciawi
4,Chauncey,77.91,19.99,Chauncey Vasyunkin,Monte de Fralães
5,Susan,64.63,2.99,Susan Roach,Xinglin
6,Nanon,26.41,29.99,Nanon Sandey,Dobšice
7,Lynna,96.36,29.99,Lynna Torns,Acopampa
8,Adriena,4.73,3.49,Adriena Sharland,Hengliang
9,Linet,32.63,5.99,Linet Lound,Sayaxché
10,Kelcy,24.04,29.99,Kelcy Folliss,Ndofane
11,Lek,49.48,58.99,Lek Dennerly,Kutum
12,Blake,94.64,18.99,Blake Ezzell,Mulong
13,Friederike,99.36,3.99,Friederike Boothe,Uga
14,Tilda,94.57,1.79,Tilda Tinston,Quỳ Châu
15,Lyle,51.43,2.49,Lyle Sidlow,Ghauspur
16,Noella,98.02,249.99,Noella McKernon,Patabog
17,Debra,1.43,19.99,Debra Brett,Guidong Chengguanzhen
18,Diego,13.99,199.99,Diego Fincher,Nangaroro
19,Rafaela,84.47,14.99,Rafaela Poultney,Bytkiv
20,Angelo,23.44,3.49,Angelo Beagan,Szemud
21,Hank,43.35,19.99,Hank Jolliss,Bindang
22,Kacey,49.16,8.49,Kacey Friedank,Caieiras
23,Gabie,10.55,149.99,Gabie Ready,Choco
24,Orsa,30.53,19.99,Orsa Haggart,Orion
25,Karel,9.63,39.99,Karel Yantsev,Balagui
26,Fernande,54.11,12.99,Fernande Siddell,Ayrihuanca
27,Matti,62.85,1.29,Matti Spatari,Cosmópolis
28,Jimmy,6.34,19.99,Jimmy Le-Good,Cartagena
29,Isabel,36.84,12.99,Isabel Leethem,Lai Lai Bisi Kopan
30,Toby,10.12,49.99,Toby Rathbourne,Wajak
31,Deborah,75.87,2.29,Deborah Dimond,Qaxbaş
32,Genovera,47.96,3.49,Genovera Bottrell,Oudtshoorn
33,Valida,4.19,54.99,Valida Tremontana,Flórina
34,Roley,68.89,14.99,Roley Gorman,Hepu
35,Rowney,46.82,79.99,Rowney O'Donoghue,Louguan
36,Yolanda,59.68,49.99,Yolanda Routh,Rupe
37,Odell,45.56,24.99,Odell McMeeking,Rabat
38,Tracey,67.75,34.99,Tracey Kleinlerer,San Juan de Planes
39,Pet,69.71,1.29,Pet Merigon,Jawf al Maqbābah
40,Nessi,1.48,2.49,Nessi Scaife,El Realejo
41,Iorgo,63.02,2.79,Iorgo Glasspool,Julcamarca
42,Clarance,16.89,45,Clarance Braunston,Penanggal
43,Dana,7.44,34.99,Dana Fulkes,Río de Jesús
44,Margarethe,95.58,19.99,Margarethe Ledger,Hola Prystan’
45,Merrielle,56.89,179.99,Merrielle Narrie,Nakanojōmachi
46,Emma,14.96,39.99,Emma Smartman,Ruokolahti
47,Shanie,58.19,89.99,Shanie Korb,Pasvalys
48,Adi,16.83,39.99,Adi Wyche,Sacotes
49,Guthrey,62.6,3.99,Guthrey Brainsby,Jeremi
50,Marieann,94.23,39.99,Marieann Francesch,Konso
51,Urbanus,29.53,24.99,Urbanus Olcot,Suez
52,Mart,70.72,12.99,Mart Burnet,Santo Domingo Este
53,Diann,53.04,3.19,Diann Hugonet,Kaindy
54,Sallyann,9.35,2.79,Sallyann Garthshore,Poncokusumo
55,Brett,66.96,3.29,Brett Semmens,München
56,Stoddard,97.15,79.99,Stoddard Pococke,Keffin Hausa
57,Giovanna,35.4,22.99,Giovanna Haldon,Skrwilno
58,Base,91.75,89.99,Base Larvor,San Pedro
59,Benyamin,51.48,12.99,Benyamin Johannes,Springfield
60,Laney,63.74,24.99,Laney Lamberts,Irbit
61,Neall,99.63,4.49,Neall McCallister,Atambua
62,Jenine,9.13,3.49,Jenine Joynson,Rāvar
63,Belvia,56.56,44.99,Belvia Goodredge,Patos
64,Cecilla,8.97,5.49,Cecilla Breinlein,Roscoff
65,Ben,92.15,119.99,Ben Jeannequin,Meghrashen
66,Josselyn,40.41,79.99,Josselyn Chapiro,Gatesville
67,Melania,85.17,2.49,Melania Andrysek,Petaling Jaya
68,Deana,41.75,4.99,Deana Drohun,Orós
69,Gearalt,46.16,1.79,Gearalt Winch,Tuluá
70,Norri,64.18,7.49,Norri Lace,Debe
71,Becka,26.5,44.99,Becka Downage,Doumen
72,Archy,65.54,4.49,Archy Lunge,Biaokou
73,Layne,8.22,3.79,Layne Larkin,Smołdzino
74,Marney,20.82,5.89,Marney Ceci,Kunshan
75,Gaston,49.04,19.99,Gaston Balling,Jacaraú
76,Rickey,99.19,5.99,Rickey Chudleigh,Mahuta
77,Tamar,98.76,18.99,Tamar Kemmet,Fayzabad
78,Bernette,11.64,2.49,Bernette Tallboy,Shīnḏanḏ
79,Ab,45.21,4.99,Ab Harfleet,Quimper
80,Pauletta,93.64,99.99,Pauletta Cotilard,Kedungringin
81,Valencia,13.66,19.99,Valencia Coomber,Pervomaysk
82,Morton,47.05,19.99,Morton Fordy,Ḩalabjah
83,Caldwell,18.94,3.79,Caldwell Mott,Boulder
84,Seymour,36.0,22.99,Seymour Blum,Gyigang
85,Bradly,43.57,39.99,Bradly Lascell,Baganha
86,Gerald,82.45,3.49,Gerald Barwick,Krajan
87,Conny,77.79,5.99,Conny Skerrett,Porciúncula
88,Archibold,44.47,22.99,Archibold Folland,Szamotuły
89,Abbe,76.37,2.99,Abbe Monnoyer,Järfälla
90,Linoel,32.5,6.99,Linoel Pilling,Bang Rak
91,Marline,5.3,39.99,Marline Huckabe,Yinglong
92,Leonore,6.1,4.79,Leonore Olivie,Miaotou
93,Lexis,57.11,5.99,Lexis Dymott,Kommunar
94,Howie,8.89,4.49,Howie Loseke,Zhukovskiy
95,Hartwell,2.26,4.49,Hartwell Spelling,Ketanggi
96,Ches,13.54,199.99,Ches Antonnikov,Tallahassee
97,Marybeth,31.93,3.79,Marybeth McGaw,Ḩalḩūl
98,Alameda,49.53,89.99,Alameda Tillot,Sumber
99,Rosana,28.36,19.99,Rosana Grzeskowski,Ad Dīwānīyah
100,Brooke,54.75,34.99,Brooke Mudie,Changxuanling
101,Daniella,45.52,79.99,Daniella Geelan,San Basilio
102,Claudie,56.59,29.99,Claudie Goulstone,Bergerac
103,Stearne,59.21,4.99,Stearne Bollum,Huashan
104,Cindra,54.39,29.99,Cindra Scarre,Hongchang
105,Lenard,45.96,2.99,Lenard Perton,Tevriz
106,Araldo,50.08,8.99,Araldo Mattei,Proletarsk
107,Meridith,49.47,1.79,Meridith Mullinder,Bela Vista
108,Sissie,4.76,99.99,Sissie Cassells,Tønsberg
109,Tabby,85.24,11.99,Tabby Scurry,Säffle
110,Kippie,82.6,24.99,Kippie Shorey,Erdao
111,Thorn,39.06,29.99,Thorn Trippick,Tamano
112,Osgood,5.12,39.99,Osgood Hellsdon,Khudoyelanskoye
113,Nani,21.72,24.99,Nani Preator,Baluk
114,Alric,1.63,34.99,Alric Hawksby,Jiangcun
115,Essy,1.14,5.49,Essy Garnam,Shuangqiaoping
116,Rory,64.95,2.29,Rory Tidmarsh,Xindeng
117,Neile,63.43,49.99,Neile Clemits,São João de Meriti
118,Maximilianus,94.38,1.89,Maximilianus Fulkes,Yufrus
119,Stillmann,54.71,69.99,Stillmann Dackombe,Itaperuna
120,Omar,97.79,3.79,Omar Laborde,Montbéliard
121,Peggi,2.22,2.29,Peggi Langmaid,Aix-en-Provence
122,Mickey,66.26,3.99,Mickey Mauro,Lengkongsari
123,Haleigh,19.09,2.99,Haleigh Tordoff,Duyang
124,Ricki,82.19,19.99,Ricki Wollen,Oetuke
125,Windy,49.48,1.99,Windy Meagher,Białołeka
126,Joe,49.78,5.99,Joe Pottage,Baishi
127,Rubina,84.48,18.99,Rubina De Gregoli,Armenta
128,Cointon,32.04,79.99,Cointon Wyburn,Ayagoz
129,Palm,81.9,4.99,Palm Sunshine,Ketian
130,Robena,5.49,49.99,Robena Crewdson,Al Hijrah
131,Carson,90.16,4.99,Carson Pirdue,Lazaro Cardenas
132,Elsinore,12.12,29.99,Elsinore Pretti,Havana
133,Ruben,74.4,22.99,Ruben Knoble,Bogorejo
134,Kirby,19.51,149.99,Kirby Chasmer,El Olivar
135,Glennis,40.78,1.99,Glennis Duigan,Ranao
136,Emmalynne,27.66,39.99,Emmalynne Liversley,Smolyaninovo
137,Codee,83.25,6.49,Codee Cree,Shalizhai
138,Frederic,54.36,4.19,Frederic Salaman,Pyongyang
139,Cecily,18.74,6.99,Cecily Pinsent,Arrufó
140,Verene,55.5,2.79,Verene Perritt,Panineungan
141,Mufi,77.93,1.99,Mufi Valett,Niujiang
142,Sasha,5.59,14.99,Sasha Shavel,Boca Raton
143,Alleen,70.76,5.99,Alleen Mordaunt,Dayan
144,Patty,65.7,3.49,Patty Templman,Saladas
145,Fidel,3.88,19.99,Fidel Pree,Ailigandí
146,Alisander,28.39,54.99,Alisander Sinden,Iberia
147,Felipa,73.07,2.99,Felipa Easton,Danan
148,Judy,34.03,2.99,Judy Charrisson,Liljendal
149,Savina,56.83,34.99,Savina Savaage,Foz do Iguaçu
150,Jean,80.27,14.99,Jean Voden,Saint-Fargeau-Ponthierry
151,Marion,33.72,39.99,Marion Dunmuir,Matanog
152,Cathrin,39.94,3.79,Cathrin Farrand,Taen Tengah
153,Torry,31.0,24.99,Torry Relf,Cangshi
154,Vinita,68.73,3.99,Vinita Ginnety,Pagatan
155,Pru,2.91,4.99,Pru Agirre,Gungguh
156,Vinni,81.6,49.99,Vinni Caldwall,Zwedru
157,Deeann,21.31,29.99,Deeann Lovstrom,Krajan
158,Agnese,77.31,2.99,Agnese Hatchett,Cheyenne
159,Petronilla,22.11,9.99,Petronilla Kincey,Yangjiaping
160,Tilly,74.99,1.49,Tilly Binding,Madison
161,Lacie,38.31,10.99,Lacie Elcom,Le Mans
162,Kassi,32.32,3.29,Kassi Buckthought,Sampaloc
163,Ricoriki,24.74,3.89,Ricoriki Godfray,Beruniy
164,Doy,25.47,49.99,Doy de Clerc,Chengqiao
165,Elyssa,72.15,19.99,Elyssa St Ledger,Firminy
166,Welbie,82.44,3.49,Welbie Winfindine,Hoorn
167,Alberta,17.94,3.99,Alberta Jannex,Bangus Kulon
168,Ryun,32.6,6.49,Ryun Biddlestone,Остров Пасхи
169,Camala,42.3,4.59,Camala Lavis,Carpiquet
170,Giffard,29.91,4.89,Giffard De Gregoli,Wąbrzeźno
171,Alyson,5.79,3.99,Alyson Madgin,Yanxi
172,Roselia,91.01,7.49,Roselia Edlington,Sumberagung
173,Julie,39.24,39.99,Julie Roberto,Tongjing
174,Alethea,10.82,3.29,Alethea Boldero,Sundsvall
175,Law,10.49,2.99,Law Bodley,Partille
176,Albie,39.48,1.29,Albie Fontaine,Midland
177,Catherin,82.44,49.99,Catherin Doey,Malešići
178,Natty,95.83,12.99,Natty Bedin,Soutelo
179,Hill,42.18,12.99,Hill Lacase,Lille
180,Hy,17.15,39.99,Hy Caple,Ell
181,Kissiah,60.58,89.99,Kissiah Scattergood,Hepang
182,Fair,45.96,24.99,Fair Oxbury,Ar Riqqah
183,Fedora,22.33,2.99,Fedora Izatt,Paris 08
184,Mechelle,3.46,19.99,Mechelle Goodswen,Mathambgwane
185,Edith,34.08,24.99,Edith Hamel,Péplos
186,Moyra,4.26,14.99,Moyra Emson,Longhua
187,Andriana,83.27,2.79,Andriana D'Oyley,Bayan
188,Magdalen,89.72,3.59,Magdalen Priditt,Bezerros
189,Madlen,26.79,29.99,Madlen Birden,Ngembak
190,Jania,37.69,2.99,Jania MacDirmid,Nanggela
191,Orlan,61.3,3.79,Orlan Antosik,San Carlos
192,Johnathon,14.22,2.99,Johnathon Grugerr,Curití
193,Arlan,49.67,4.99,Arlan Peasey,Karanggedang
194,Mead,31.56,1.49,Mead Howselee,Kortkeros
195,Washington,50.6,12.99,Washington Collar,Guanba
196,Vinita,24.04,79.99,Vinita Boult,Sapeken
197,Blisse,87.42,39.99,Blisse Lavallie,Voznesenskoye
198,Gerianne,60.12,3.49,Gerianne Whitman,Tiandu
199,Arnaldo,34.34,89.99,Arnaldo Danielian,Bogojevo
200,Averil,80.46,12.99,Averil Deehan,Caraguatatuba
201,Granny,94.84,29.99,Granny Sumbler,Ressano Garcia
202,Russell,84.61,1.99,Russell Storks,Coolock
203,Dominik,10.08,19.99,Dominik Pedron,Kebonan
204,Aleece,53.37,4.99,Aleece Gerrie,Baki
205,Prent,50.71,1.99,Prent Motten,Lālmohan
206,Jareb,42.53,2.99,Jareb Cogger,San Isidro de Lules
207,Barbette,55.14,79.99,Barbette Ballinghall,Zhdanov
208,Ethelind,50.41,9.99,Ethelind Scrauniage,Spasskoye-Lutovinovo
209,Aldin,91.38,6.49,Aldin Dobel,Anchorage
210,Corena,93.06,3.49,Corena Fishleigh,Kalangbret
211,Averyl,49.54,19.99,Averyl Ilyukhov,Okiot
212,Angel,33.94,19.99,Angel Wincer,Velká Bystřice
213,Deena,91.98,34.99,Deena MacDunlevy,Kota Kinabalu
214,Rouvin,71.32,6.99,Rouvin Avrahm,Florencio Varela
215,Stevana,25.78,24.99,Stevana Crackel,Kota Kinabalu
216,Margarita,92.4,69.99,Margarita Hewins,Sidirókastro
217,Don,68.65,2.29,Don Ivatts,Chedao
218,Therese,48.43,49.99,Therese Darte,Guarda Nova
219,Rois,21.05,3.59,Rois Vieyra,Qiangqinxue
220,Armando,2.78,12.99,Armando Prue,Sukasada
221,Dayna,12.95,39.99,Dayna Duprey,Bureng
222,Harmon,75.19,9.99,Harmon Dury,Yuxi
223,Pippo,3.46,29.99,Pippo Hurd,Kertamukti
224,Agneta,71.49,22.99,Agneta Ommanney,Shuangpengxi
225,Brose,25.6,39.99,Brose Dorow,Isangel
226,Che,81.79,4.29,Che Statersfield,Kamal
227,Anthe,73.17,8.99,Anthe Kilpatrick,Sada
228,Kirstin,96.81,3.99,Kirstin Vittel,Wotsogo
229,Matthiew,98.2,79.99,Matthiew McLeish,Shawan
230,Wallis,41.45,4.29,Wallis Dowding,Ágios Spyrídon
231,Farrell,63.46,24.99,Farrell Margett,Ilandža
232,Ali,86.01,4.99,Ali Linkin,Novo Aripuanã
233,Ennis,57.24,19.99,Ennis Jewks,Prioso Barat
234,Rollo,81.47,3.49,Rollo Mimmack,San Rafael Oriente
235,Alexandros,42.47,1.99,Alexandros Sphinxe,Burtunay
236,Consolata,95.32,2.99,Consolata Jossel,Oenpeotnai
237,Waverley,86.18,6.99,Waverley MacNelly,Santa Fe
238,Alix,15.47,0.99,Alix Roantree,Salgado
239,Giulia,66.0,2.49,Giulia McCarty,Teeli
240,Westley,88.22,39.99,Westley Coppeard,Shinao
241,Joel,13.82,4.99,Joel Macek,Mūḩ Ḩasan
242,Holly,40.41,9.49,Holly Harvison,Karara
243,Thain,75.47,14.99,Thain Hammerstone,Dambarta
244,Bail,3.35,2.49,Bail Pomfrett,Greenville
245,Tallie,60.21,8.99,Tallie Jewkes,Tilburg
246,Blakeley,41.02,49.99,Blakeley Gallamore,Wenquan
247,Babara,9.22,3.99,Babara Bagguley,Skellefteå
248,Hanni,71.19,3.59,Hanni Outright,Aqaba
249,Marillin,99.41,24.99,Marillin Fishly,Pecka
250,Georas,28.1,3.29,Georas Biskupek,Huntington
251,Marvin,92.63,22.99,Marvin Poyzer,Mölndal
252,Alexandro,57.03,5.99,Alexandro Duggen,Pacasmayo
253,Nolly,38.42,8.99,Nolly Melarkey,Rudnya
254,Adaline,60.99,14.99,Adaline Lightwing,Huangqi
255,Tootsie,68.18,3.29,Tootsie Yepiskopov,Liujiachang
256,Gerrilee,25.8,2.49,Gerrilee Wane,Xilai
257,Chelsea,50.5,2.49,Chelsea Benettini,Puerto Natales
258,Veriee,71.66,34.99,Veriee Narracott,Los Angeles
259,Obadias,86.94,4.99,Obadias Harriskine,Huaylillas
260,Florence,12.43,45,Florence Brookfield,Chengfeng
261,Lonnie,15.2,34.99,Lonnie Surmeyers,Guayabo Dulce
262,Sigmund,39.14,1.79,Sigmund Jemison,Lichtenburg
263,Alicea,80.27,4.29,Alicea Civitillo,Arroyo Seco
264,Chloris,90.62,3.99,Chloris Jaskiewicz,Dadong
265,Agata,87.6,29.99,Agata Meo,Liběšice
266,Merrily,31.11,2.99,Merrily Skelhorn,Odienné
267,Dewey,19.53,4.29,Dewey Durant,Fastovetskaya
268,Erinn,51.56,6.99,Erinn Hevey,Vurğun
269,Reilly,74.54,49.99,Reilly Joslow,Chixi
270,Basilio,8.23,29.99,Basilio Gudgeon,Huangyuan Chengguanzhen
271,Tandie,76.25,3.99,Tandie Toffano,Arauco
272,Leone,95.84,3.29,Leone Nairn,Carrascal
273,Doroteya,65.13,29.99,Doroteya Kenna,Slavs’ke
274,Cris,46.79,3.99,Cris Giacopazzi,Vřesina
275,Irma,65.11,19.99,Irma Girardin,Longfengshan
276,Ozzy,53.95,14.99,Ozzy Caban,Xinzhai
277,Keeley,42.43,19.99,Keeley Guyonnet,Zhangdian
278,Cozmo,26.76,2.29,Cozmo Piotrkowski,Muncar
279,Ricca,58.57,12.99,Ricca Levington,Unión
280,Corty,11.58,24.99,Corty Jakubski,Opi
281,Freddie,4.22,12.99,Freddie Ambroziak,Hougong
282,Sauveur,62.69,12.99,Sauveur Warman,Arras
283,Josefa,19.0,49.99,Josefa Folbigg,Saint-Louis du Sud
284,Denney,7.25,3.79,Denney Zottoli,Rēzekne
285,Felice,21.14,19.99,Felice Enterlein,Roissy Charles-de-Gaulle
286,Deni,22.38,18.99,Deni Pitblado,Mekon
287,Findlay,13.31,4.99,Findlay Keene,Takaishi
288,Stoddard,90.17,9.99,Stoddard Sygrove,Jiangkou
289,Morten,18.26,34.99,Morten Drinkhall,Svorónos
290,Mirabella,13.3,299.99,Mirabella Eskell,Bedford
291,Woodie,48.57,3.99,Woodie Espin,Xiangcheng
292,Kasey,94.66,2.49,Kasey Cristofanini,Kovači
293,Ash,12.97,4.99,Ash Mohring,Uppsala
294,Ingrim,57.71,4.29,Ingrim Dorken,Kampungbaru
295,Pall,66.1,79.99,Pall Kitley,Sanjiangkou
296,Armando,83.89,29.99,Armando Lease,Hongwei
297,Correy,41.5,39.99,Correy Boissier,San Rafael
298,Candide,34.64,49.99,Candide Colbertson,Aozai
299,Torry,55.79,4.99,Torry Bilfoot,Kaum Kaler
300,Lennie,64.89,4.99,Lennie Lambourne,Guarulhos
301,Zachery,40.22,1.89,Zachery Quadling,Smolec
302,Roseann,39.35,4.99,Roseann Devany,Celestynów
303,Howey,28.04,4.29,Howey Myers,Al ‘Āqir
304,Kara,13.87,3.79,Kara Sturney,Paseh
305,Kendricks,48.02,3.49,Kendricks Riding,Ufa
306,Dolly,50.43,19.99,Dolly McKinlay,Tân Việt
307,Randolf,86.85,3.99,Randolf Brockherst,Singgit
308,Stanislas,40.75,4.99,Stanislas Skally,Bernay
309,Lulu,59.49,7.99,Lulu Le Gall,Butembo
310,Hagan,88.62,149.99,Hagan Gooms,Sargodha
311,Federica,61.1,2.99,Federica Pietersma,Sundsvall
312,Idalia,96.52,29.99,Idalia Walczak,Xin’an
313,Thomas,53.39,24.99,Thomas Birk,Łeba
314,Daphne,66.98,29.99,Daphne Watt,Guará
315,Willi,99.86,8.99,Willi Varns,Breves
316,Noah,51.53,79.99,Noah Murray,Manoel Urbano
317,Urson,23.63,399.99,Urson Ulyatt,Caucasia
318,Luce,46.96,3.29,Luce Curson,Espinal
319,Corbett,63.15,9.99,Corbett Bere,Castelo de Vide
320,Korry,60.58,34.99,Korry Minichi,Liudaogou
321,Jennie,11.07,34.99,Jennie Lent,Pore
322,Ailina,55.13,49.99,Ailina Sancraft,Ingenio La Esperanza
323,Hesther,13.06,24.99,Hesther Matissoff,Yunmen
324,Torr,42.32,4.19,Torr Perassi,Monte Alegre
325,Randy,96.18,5.29,Randy Entwhistle,Huazhuang
326,Wake,22.7,9.99,Wake Hacker,Keboncau
327,Dalia,40.54,14.99,Dalia Goodband,Stockholm
328,Giulia,82.56,19.99,Giulia Corwood,Bazzāryah
329,Andras,34.73,2.49,Andras Goudge,Szczaniec
330,Leland,40.19,19.99,Leland Minot,Yinjiaxi
331,Cindie,45.95,8.49,Cindie Platfoot,Stari Grad
332,Binni,98.94,79.99,Binni Beach,Tiout
333,Lyda,73.53,29.99,Lyda Seak,Apaga
334,Glynda,55.51,4.29,Glynda Honack,Potou
335,Sashenka,85.36,2.49,Sashenka Summerton,Manfalūţ
336,Kaja,33.66,49.99,Kaja Jarley,Ying’ebu
337,Allan,46.33,10.99,Allan Gossage,Mukacheve
338,Fernandina,74.26,1.99,Fernandina Valintine,Divisoria
339,Madelaine,40.18,19.99,Madelaine Coneybeare,Quilmes
340,Hewitt,21.34,2.29,Hewitt Hickisson,Haninge
341,Cindy,3.46,2.99,Cindy Trewhella,Klampok
342,Randell,65.66,24.99,Randell Featenby,Bazzāryah
343,Bethena,83.67,19.99,Bethena Priestner,Rora Timur
344,Arluene,81.72,9.99,Arluene Lindegard,Jianrao
345,Coretta,6.33,4.99,Coretta Cundey,Taoyuan
346,Florie,57.02,18.99,Florie Roslen,Louguan
347,Min,57.71,22.99,Min Rivalant,Gandu
348,Nickie,81.86,5.99,Nickie Mayor,Yushu
349,Millard,53.25,29.99,Millard Varah,Nyachera
350,Clark,3.41,2.99,Clark Elnaugh,Lisieux
351,Kaia,37.41,5.99,Kaia Fernley,Guimbal
352,Ethel,7.68,99.99,Ethel Bartoszewski,Alicante/Alacant
353,Devi,3.99,3.49,Devi Kretschmer,Wingham
354,Anabal,10.91,22.99,Anabal Gerrens,Al Qardāḩah
355,Lyssa,4.06,3.99,Lyssa Thrustle,Chocope
356,Bellanca,63.74,1.99,Bellanca Skoggins,Klayusiwalan
357,Hebert,28.9,4.99,Hebert Endley,Ibitinga
358,Myrtie,61.14,34.99,Myrtie Cuncarr,Rio Novo do Sul
359,Julieta,80.74,3.99,Julieta D'Hooghe,Hongchuan
360,Lawry,73.19,39.99,Lawry Breckin,La Laguna
361,Art,52.04,5.49,Art Hovert,Sulaco
362,Fredericka,13.29,7.19,Fredericka Dymidowski,Huangsangkou
363,Danell,5.86,19.99,Danell Roston,Gaojialing
364,Kory,63.27,99.99,Kory Snarie,Magway
365,Merlina,76.59,8.49,Merlina Pendered,Sumberejo
366,Elvira,8.27,2.49,Elvira Broster,Huangtu
367,Ilene,75.73,19.99,Ilene Baseggio,Hyattsville
368,Georg,71.66,45.99,Georg Shearmur,Norfolk
369,Ezechiel,63.32,1.99,Ezechiel Myderscough,Naga
370,George,86.39,2.79,George Pennycook,Batujaran
371,Beltran,48.69,3.29,Beltran Kinneir,Banyliv
372,Sargent,78.43,79.99,Sargent Hunnywell,Iiyama
373,Tammy,95.94,2.99,Tammy Tripcony,Vargem Grande Paulista
374,Darsey,99.54,39.99,Darsey Buffy,Zhangshi
375,Esta,69.18,3.49,Esta Freund,Alvega
376,Penn,45.17,10.99,Penn Kohrsen,Souto
377,Kit,40.0,29.99,Kit Pavluk,Carlos Tejedor
378,Darrel,7.32,34.99,Darrel Tudor,Pingle
379,Martyn,11.46,39.99,Martyn Farrent,Dasuk
380,Caritta,39.21,39.99,Caritta Muffen,Daxi
381,Tome,75.42,29.99,Tome Fieldsend,Zhiryatino
382,Boris,21.23,3.79,Boris Persence,Colca
383,Bettina,73.69,6.99,Bettina Strevens,Aganan
384,Anatole,51.18,6.29,Anatole Milksop,Hyesan-si
385,Bonny,87.46,39.99,Bonny Sellstrom,Babakantonggoh
386,Shela,86.14,27.99,Shela Ahrend,Syrostan
387,Justus,32.74,29.99,Justus Shepstone,Lifuta
388,Nancie,36.51,19.99,Nancie Boughtflower,Jangheung
389,Eileen,7.55,19.99,Eileen Litterick,Évry
390,Vaclav,6.52,79.99,Vaclav Jaycox,Liloan
391,Ashlan,74.68,2.99,Ashlan Bigley,Hoani
392,Paco,42.46,4.99,Paco Cattow,Rimbo
393,Bobbe,95.13,14.99,Bobbe Hardison,Mollās̄ānī
394,Gilbertina,56.83,59.99,Gilbertina Boughey,Vodstroy
395,Carleen,78.2,199,Carleen Roston,Xintang
396,Raf,75.97,3.79,Raf O'Rowane,Largo
397,Crichton,78.84,22.99,Crichton Qusklay,Batuna Satu
398,Dacy,99.26,19.99,Dacy Boules,Messina
399,Mickey,40.09,39.99,Mickey McLafferty,Dali
400,Marjie,5.65,5.49,Marjie Wafer,Weitang
401,Leanna,18.71,2.49,Leanna Eusden,Shimorskoye
402,Kaleena,66.32,19.99,Kaleena Simond,Buenos Aires
403,Trudey,33.84,5.49,Trudey Dietsche,Hongmen
404,Teena,94.78,39.99,Teena Deluca,Guxian
405,Randene,17.73,4.49,Randene O'Lenechan,Zheshart
406,Connor,70.21,29.99,Connor Baldin,Rio Negrinho
407,Camellia,63.87,3.99,Camellia Klousner,Dafundo
408,Doreen,27.13,3.99,Doreen Gottschalk,Lingdangge
409,Killy,58.76,2.99,Killy Ricciardelli,Kuzhu
410,Lorine,82.1,59.99,Lorine Mignot,Alor Setar
411,Lin,87.38,69.99,Lin Goult,Melaka
412,Conway,53.43,2.99,Conway Reide,Sangongqiao
413,Julita,90.97,15.99,Julita Okeshott,Dingli
414,Tamara,29.39,5.49,Tamara Sherar,Shanling
415,Kissie,88.25,39.99,Kissie Durno,Sukawaris
416,Bibi,26.26,129.99,Bibi Durbyn,Njivice
417,Louella,53.39,24.99,Louella Juorio,København
418,Jehanna,17.33,19.99,Jehanna Holleworth,Arrah
419,Gabriella,50.19,109.99,Gabriella Entreis,Trollhättan
420,Juliane,3.99,12.99,Juliane Glentz,Iriga City
421,Adelice,28.05,49.99,Adelice De La Haye,Wat Sing
422,Vitia,88.29,9.99,Vitia Harrison,Kamyanyuki
423,Dinah,96.53,2.49,Dinah Westbrook,Nato
424,Aubrette,10.84,39.99,Aubrette Van Halen,Akim Swedru
425,Gavra,7.76,14.99,Gavra Rilings,San Antonio
426,Adriane,34.06,34.99,Adriane Choffin,Aluminé
427,Gloriana,13.77,5.99,Gloriana Balogun,Cabimas
428,Joane,91.39,149.99,Joane Feronet,Douane
429,Josi,87.79,3.89,Josi Brodie,Siquisique
430,Sherwin,52.65,4.99,Sherwin Hedley,Nizao
431,Skipton,82.07,2.99,Skipton Friday,Tanjiaqiao
432,Mendy,29.69,19.99,Mendy Boyat,Leigongjian
433,Saunders,78.85,29.99,Saunders Gilks,Esquina
434,Ashley,76.17,14.99,Ashley Goodread,Sinjil
435,Kellsie,36.1,79.99,Kellsie Couronne,Shuangyang
436,Konstantin,53.19,22.99,Konstantin Winsper,Ikaalinen
437,Winn,46.56,79.99,Winn Petkovic,Saguiaran
438,Hedda,19.29,18.99,Hedda Johnston,Ejido
439,Wendy,2.32,3.29,Wendy Sydenham,Zheshan
440,Cal,80.74,39.99,Cal Joslyn,Leticia
441,Bordy,6.49,3.29,Bordy O' Borne,Ciudad Nueva
442,Gabriela,16.61,99.99,Gabriela Preshous,Naranjos
443,Chantalle,5.7,4.49,Chantalle Tinner,Canhestros
444,Reinaldo,14.58,3.99,Reinaldo Gregs,Pagak
445,Kathye,25.03,2.89,Kathye Emblem,Tongchuan
446,Jeanette,36.1,3.49,Jeanette Klass,Västerås
447,Whitney,1.3,39.99,Whitney O' Driscoll,Mesiméri
448,Elvyn,34.57,49.99,Elvyn Annice,Nigel
449,Towney,70.28,49.99,Towney Brockington,Żabia Wola
450,Grethel,98.48,3.49,Grethel Eilhermann,Tumxuk
451,Yorgo,90.42,5.49,Yorgo Limpkin,Kebonan
452,Penrod,30.09,29.99,Penrod Stanbury,Nakkila
453,Rriocard,93.1,9.99,Rriocard Verni,Socorro
454,Cary,64.82,24.99,Cary Manwaring,Oumé
455,Ivan,39.6,24.99,Ivan Dignam,Cajabamba
456,Marlena,33.7,24.99,Marlena Turk,Constanza
457,Lyndsay,25.95,59.99,Lyndsay Volkers,Volta Redonda
458,Tarah,94.1,4.99,Tarah Tessington,Pasirpanjang
459,Cristiano,56.2,2.99,Cristiano Keilty,Mitaka-shi
460,Dannie,63.79,10.99,Dannie Carlesi,Lyon
461,Biddie,79.45,6.99,Biddie Wigginton,Bachuan
462,Pippy,83.58,199.99,Pippy Ertelt,Janeng
463,Aurthur,56.03,6.99,Aurthur Julyan,Puputan
464,Baird,8.17,4.49,Baird Demko,Rio Branco do Sul
465,Carver,53.86,29.99,Carver Blose,Paluan
466,Bernie,77.3,49.99,Bernie Carswell,Vysehrad
467,Eadith,61.12,34.99,Eadith Sparry,Fengchuan
468,Ranice,24.66,19.99,Ranice Burn,Jiru
469,Elisabetta,48.34,0.89,Elisabetta Fetherston,Krasnyye Chetai
470,Maddy,35.78,3.99,Maddy Redsall,Dongsheng
471,Griffie,1.59,24.99,Griffie Goodbar,Burgau
472,Nathan,20.07,49.99,Nathan Bysaker,Jacaltenango
473,Lauri,28.83,79.99,Lauri Rushby,Anak
474,Tarrah,89.85,2.99,Tarrah Halloway,Pontes
475,Dacy,8.66,39.99,Dacy Sellan,Caramuca
476,Candace,53.08,4.49,Candace Ivanyutin,Lakkíon
477,Fae,86.22,3.59,Fae Heams,Shaogongzhuang
478,Roxie,78.67,7.99,Roxie Copperwaite,Mojomulyokrajan
479,Andonis,30.39,12.99,Andonis Fayer,Datong
480,Aloysius,34.16,3.49,Aloysius Mowsley,Suzaka
481,Oralla,80.45,39.99,Oralla Whiting,Jiangbu
482,Bronny,25.37,3.59,Bronny Mixter,Jiling
483,Ethelred,31.34,89.99,Ethelred Ettridge,Negara
484,Janek,37.01,4.49,Janek Jentgens,Ar Rifā‘
485,Lauree,4.21,19.99,Lauree Huckfield,Pul-e Sangī
486,Zared,58.73,29.99,Zared Durgan,Oeiras
487,Siusan,48.12,44.99,Siusan Glowach,Verkhniy Dashkesan
488,Millicent,84.99,19.99,Millicent Tuffley,Anuradhapura
489,Milicent,7.94,39.99,Milicent Coles,Gaojimiao
490,Regina,60.63,4.59,Regina De Pietri,Phra Phutthabat
491,Ron,26.33,18.99,Ron Vreede,Kyonju
492,Claiborn,62.88,5.49,Claiborn Cassely,Setonokalong
493,Maureene,13.11,79.99,Maureene Coules,Cúcuta
494,Sharia,5.34,29.99,Sharia Rabjohn,Takedamachi
495,Grissel,37.95,2.69,Grissel Dagnall,Ciharalang
496,Verna,13.68,54.99,Verna Spir,Bondoboghila
497,Daniella,6.28,1.99,Daniella Mewha,Liloan
498,Guinevere,28.63,19.99,Guinevere Groomebridge,Beijiang
499,Kev,88.11,1.99,Kev Braitling,Gunungtua
500,Thorny,24.61,4.49,Thorny Estick,Edsbyn
501,Beret,96.76,24.99,Beret Dullingham,Wonda
502,Guglielma,52.82,8.99,Guglielma Cossam,Mi’ersi
503,Rafael,30.15,5.49,Rafael Peskett,Karawatu
504,Will,79.24,89.99,Will Burnhams,El Soberbio
505,Barde,7.81,4.29,Barde Daviddi,Nadrupe
506,Hildegarde,56.89,34.99,Hildegarde Dayton,Buket Teukuh
507,Evaleen,29.2,249.99,Evaleen Quiney,Klek
508,Jana,71.63,5.49,Jana Bardell,Yamaranguila
509,Vonnie,9.4,12.99,Vonnie Walkingshaw,Novosmolinskiy
510,Ardeen,44.11,3.99,Ardeen Husthwaite,Újezd
511,Pierce,84.31,24.99,Pierce Enderlein,Néa Tríglia
512,Trueman,68.95,29.99,Trueman Sheardown,Huité
513,Jilleen,84.42,24.99,Jilleen Goadby,Kauswagan
514,Adela,28.51,4.99,Adela Chantree,Dem’yanovo
515,Zachery,40.64,79.99,Zachery Franzettoini,Jiuheyuan
516,Carlin,77.32,1.99,Carlin Aimer,Dawuhan
517,Dotty,13.33,49.99,Dotty Hendrick,Teryayevo
518,Jesus,82.69,4.99,Jesus Speere,San Lorenzo
519,Fernande,49.64,2.79,Fernande McDarmid,Zamoskvorech’ye
520,Vanni,23.2,2.99,Vanni Whates,Menghai
521,Hamish,17.29,19.99,Hamish Slocum,Huangtu
522,Stanton,73.84,35,Stanton Dunsmuir,Mabilog
523,Minnie,85.38,19.99,Minnie Sinnie,Solna
524,Arnoldo,91.21,4.29,Arnoldo Demangeot,Kristiansand S
525,Jacqui,71.72,19.99,Jacqui Latan,Nanton
526,Antonin,57.86,22.99,Antonin Toye,Huquan
527,Asher,68.77,199.99,Asher Whetnell,Lamarosa
528,Tabbi,31.46,2.49,Tabbi Ranson,Sebulu
529,Lovell,47.25,2.49,Lovell Josefsen,Hasaki
530,Loretta,23.67,19.99,Loretta Karolyi,Magisterial
531,Franklin,37.46,15.99,Franklin Trounce,Bộc Bố
532,Phyllys,87.43,10.99,Phyllys Seers,Jinping
533,Berni,49.67,34.99,Berni Dodwell,El Paso
534,Dareen,90.22,5.99,Dareen Antonetti,Murindó
535,Sammy,8.57,3.99,Sammy Sooper,Vila do Maio
536,Brendon,25.13,3.99,Brendon Sarre,Replot
537,Zonnya,62.04,3.29,Zonnya Gabriel,Diez de Octubre
538,Tamma,11.41,44.99,Tamma Loynton,Trollhättan
539,Lyndsey,50.7,1.99,Lyndsey Thorowgood,Maciejowice
540,Oralle,33.34,29.99,Oralle Cantwell,Saitama
541,Charla,11.54,59.99,Charla Yemm,Duki
542,Lia,2.46,4.19,Lia Noyes,Rejowinangun
543,Dorry,12.84,39.99,Dorry Stockney,Sizhou
544,Ashly,30.56,5.99,Ashly Ingerman,Göteborg
545,Othelia,3.31,4.29,Othelia Izsak,Tigpalay
546,Brandy,63.35,2.69,Brandy Bourdice,Niagara Falls
547,Filmore,75.58,15.99,Filmore Spacey,Växjö
548,Cly,94.49,59.99,Cly Theodore,Willowdale
549,Kaela,97.9,34.99,Kaela Dumphries,Mabamba
550,Lexie,52.31,2.99,Lexie Tantum,Mahe
551,Rosanna,43.05,29.99,Rosanna O' Finan,Pledo
552,Frederico,74.5,6.99,Frederico Brunel,Skärhamn
553,Mohammed,99.02,29.99,Mohammed Gillease,Damao
554,Hill,5.36,29.99,Hill Herreros,Hammam-Lif
555,Karoly,31.19,2.99,Karoly Dunnion,Tha Ruea
556,Ive,68.63,6.99,Ive Millery,Blansko
557,Libbey,17.72,199.99,Libbey Heinig,Xichang
558,Janek,14.59,5.49,Janek Romagosa,Oslo
559,Alina,8.6,29.99,Alina Beevor,Guzhu
560,Marline,63.94,3.29,Marline Reston,Asopía
561,Perrine,86.43,0.89,Perrine Nussen,Khinjān
562,Prescott,85.04,59.99,Prescott Duxbarry,Oratorio
563,Shelby,67.1,19.99,Shelby Gockelen,Siyabuswa
564,Dalston,13.05,2.99,Dalston Gudgin,Pinheiral
565,See,74.67,199.99,See Lamb,Murici
566,Roseann,83.52,3.49,Roseann Woodward,Langqi
567,Mufinella,64.76,14.99,Mufinella Veck,Prakhon Chai
568,Romonda,32.64,14.99,Romonda Shirer,Erhe
569,Mattie,58.77,3.99,Mattie Anthes,Dongzhaogezhuang
570,Corliss,2.6,2.49,Corliss Padwick,L'viv
571,Mayne,79.57,19.99,Mayne Hebborne,Chipaque
572,Bel,34.17,19.99,Bel Wetherburn,Winter Haven
573,Domini,17.75,3.99,Domini Toffolini,Nahariya
574,Dody,4.46,54.99,Dody Cornock,Shiogama
575,Adams,34.35,49.99,Adams Dumbarton,Dumbéa
576,Olympie,41.54,29.99,Olympie Axon,Dachong
577,Lonnie,74.18,54.99,Lonnie Pantecost,Chakou
578,Olin,61.85,6.49,Olin Dengel,Knin
579,Brigitte,51.91,25.99,Brigitte Ropars,Ramaram
580,Annabelle,31.73,39.99,Annabelle Syddall,Gaur
581,Aliza,67.3,1.79,Aliza Collyns,Van Nuys
582,Isadore,53.7,44.99,Isadore Enstone,Zvëzdnyy
583,Shell,67.55,8.99,Shell O'Glassane,Majennang
584,Heall,77.15,54.99,Heall Bridel,Perštejn
585,Cleveland,23.55,19.99,Cleveland Philpotts,Torbeyevo
586,Lola,48.94,4.99,Lola Sigsworth,Čížkovice
587,Bunnie,83.14,4.29,Bunnie Carrabot,Wiesbaden
588,Rayner,75.84,3.79,Rayner Aveson,Náklo
589,Victoria,79.43,39.99,Victoria McNiven,Ha’erlong
590,Temp,85.79,7.49,Temp Davidavidovics,Malbug
591,Ashby,45.76,3.29,Ashby Cicchelli,Dukhovnitskoye
592,Arda,40.71,39.99,Arda Yoxall,Périgueux
593,Simeon,17.33,14.99,Simeon Sargant,Qiling
594,Cyrillus,40.86,34.99,Cyrillus Costall,El Fureidīs
595,Nanice,43.55,12.99,Nanice Lilleycrop,Akouda
596,Garnette,69.39,19.99,Garnette Faudrie,Mingyue
597,Jecho,34.47,24.99,Jecho Dikle,Tayuan
598,Jeffrey,8.78,59.99,Jeffrey Mote,Ajaccio
599,Wilburt,67.4,5.99,Wilburt Younglove,Queimados
600,Rianon,22.66,19.99,Rianon Nutbeam,Nenotes
601,Gilda,66.38,2.29,Gilda Blazic,Älvsjö
602,Lotte,19.28,39.99,Lotte Goadsby,Drzewica
603,Berti,60.92,69.99,Berti MacClure,Saint-Priest-en-Jarez
604,Jackelyn,86.74,24.99,Jackelyn Winthrop,San Diego
605,Nelie,62.34,26.99,Nelie Abrahamian,Weiyang
606,Marleah,25.41,7.99,Marleah Bigrigg,Zemun
607,Shepherd,95.45,2.99,Shepherd Lindberg,Alibunan
608,Mile,64.19,14.99,Mile Bartzen,Ryūō
609,Jeanine,85.63,25.99,Jeanine Dunham,Palpalá
610,Suzette,26.93,3.69,Suzette Cockburn,Paraisópolis
611,Genevra,3.9,24.99,Genevra Brimilcombe,Taochuan
612,Randall,48.74,4.49,Randall Shevell,Baizhang
613,Emelyne,43.21,1.99,Emelyne Faulds,A’yi Take
614,Kelsi,62.09,19.99,Kelsi Stride,Pingxiang
615,Melantha,58.61,89.99,Melantha Rosenhaupt,Nueva Italia
616,Lorettalorna,79.66,12.99,Lorettalorna Cake,Fanzhuang
617,Sergent,55.58,29.99,Sergent Geely,El Bauga
618,Amory,69.41,10.99,Amory Hardiman,Cabo de Vila
619,Priscilla,23.99,3.29,Priscilla Kramer,Buguruslan
620,Helene,89.43,2.99,Helene Strange,Puncakmanis
621,Jareb,79.86,3.99,Jareb Fazan,Forbach
622,Fawnia,90.01,6.49,Fawnia Pendock,Krasnyye Chetai
623,Ray,98.78,19.99,Ray Woodard,Leigu
624,Tricia,14.82,5.99,Tricia Hill,Dallas
625,Krysta,3.68,30,Krysta Lynock,Yalukou
626,Wenona,51.71,3.49,Wenona Gee,Hegarmanah
627,Augusta,30.56,34.99,Augusta Ruprechter,Gostyń
628,Robbie,16.4,24.99,Robbie Litherborough,Lutowiska
629,Isabeau,40.99,3.99,Isabeau McCreadie,Point Hill
630,Gare,14.22,5.49,Gare Pasquale,Cambanay
631,Tildy,31.21,29.99,Tildy Hawkins,Pamplona/Iruña
632,Greta,92.84,49.99,Greta Hawford,Sukorejo
633,Jon,32.24,2.99,Jon Carmichael,Gribanovskiy
634,Lucie,88.37,25.99,Lucie Chad,Darkovice
635,Timmi,79.05,34.99,Timmi Branson,Buguruslan
636,Sylvan,8.68,2.99,Sylvan Khoter,Kapuskasing
637,Dew,59.47,3.99,Dew Breagan,Pestovo
638,Michale,86.64,179.99,Michale Delcastel,Karanggeneng
639,Gardy,84.69,79.99,Gardy Messom,Krajan
640,Bob,35.54,9.99,Bob Nares,Mobai
641,Leena,17.65,2.99,Leena Alcock,Amman
642,Kimberly,80.75,4.29,Kimberly Bradden,Kostel
643,Lionello,36.84,8.99,Lionello Tooting,Pasirmukti
644,Aime,23.17,24.99,Aime Costar,Tyresö
645,Clementina,13.21,359.99,Clementina Du Hamel,Saraqinishtë
646,Normand,31.46,39.99,Normand Dennes,Morcolla
647,Ariella,74.51,24.99,Ariella Dimitrie,Uberlândia
648,Carmelina,96.25,3.49,Carmelina Joberne,Miastków Kościelny
649,Gwynne,99.37,7.99,Gwynne Burner,Tanalt
650,Averill,7.0,39.99,Averill Klishin,Santa Apolonia
651,Reece,74.02,49.99,Reece Squires,Heshui
652,Sallyanne,58.95,39.99,Sallyanne Churchlow,Tugela Ferry
653,Florina,15.98,3.99,Florina Dimmock,Fanyang
654,Elysha,34.27,18.99,Elysha Tradewell,Itamaraju
655,Allan,26.73,22.99,Allan Mc-Kerley,Zhenzhushan
656,Lannie,63.37,4.29,Lannie Dearness,Paris 15
657,Flemming,85.6,19.99,Flemming Briars,Zavidovo
658,Olivero,50.83,2.99,Olivero Gunn,Talovyy
659,Gilligan,26.75,2.79,Gilligan Fearfull,Balky
660,Lorry,89.19,4.49,Lorry Emmitt,Phanna Nikhom
661,Tome,64.86,24.99,Tome Heaps,Chengfeng
662,Paule,56.4,24.99,Paule Formie,San Carlos de Bolívar
663,Lilly,80.87,3.49,Lilly Klamman,Misungwi
664,Ursulina,25.15,4.99,Ursulina Drohane,Grzmiąca
665,Henka,44.58,5.99,Henka Waterhowse,Buenos Aires
666,Ruggiero,51.73,14.99,Ruggiero Manthorpe,Piraju
667,Lemmy,24.18,9.99,Lemmy Peddersen,Saint-Quentin-en-Yvelines
668,Netty,59.2,4.29,Netty Majury,Cibanten
669,Benjamin,69.29,19.99,Benjamin Fihelly,Ingeniero Guillermo N. Juárez
670,Shellysheldon,24.94,3.29,Shellysheldon Cristol,Chengguan
671,Merrel,70.29,5.49,Merrel Mathan,São Pedro
672,Marget,86.24,2.49,Marget Mealiffe,Mirecourt
673,Egan,32.23,3.99,Egan O'Shee,Vigan
674,Joya,62.32,4.59,Joya Fairlaw,Demak
675,Willard,67.92,5.99,Willard Buggy,Plácido de Castro
676,Joanne,15.35,3.99,Joanne Millen,Nekrasovka
677,Hamish,98.58,5.99,Hamish Bour,Eskilstuna
678,Felix,17.25,4.99,Felix Ramage,Rešetari
679,Lincoln,8.72,4.99,Lincoln Stockney,Upata
680,Imelda,4.99,39.99,Imelda Wrightam,Campo
681,Kennan,17.41,15.99,Kennan Stolze,Bačka Palanka
682,Dominic,39.04,89.99,Dominic Culvey,Campoverde
683,Carroll,74.29,3.99,Carroll McHarry,Tamatam
684,Wrennie,84.52,99.99,Wrennie Bromage,Banjar Banyualit
685,Waverly,69.42,29.99,Waverly Yuryaev,Liandu
686,Enrico,81.57,24.99,Enrico McTavy,Ouro Branco
687,Janeczka,11.68,29.99,Janeczka Lissandrini,Guiyang
688,Valery,86.82,6.99,Valery Tissington,Rumphi
689,Jackie,88.66,199,Jackie Carnow,Hihyā
690,Josy,25.24,2.79,Josy Karsh,Sukarame
691,Kissiah,54.9,2.99,Kissiah Shelton,Cuauhtemoc
692,Lynna,10.89,45.99,Lynna Olwen,Vrsi
693,Madlin,96.85,19.99,Madlin Bassano,Dmitrov
694,Eugenius,54.83,3.99,Eugenius Robichon,Tilik
695,Zebulon,57.09,4.99,Zebulon Matousek,Dal’neye Konstantinovo
696,Tracee,86.33,3.49,Tracee Bahlmann,Klagen
697,Deny,53.74,34.99,Deny Sandon,Al Majāridah
698,Quentin,73.1,5.49,Quentin Phelps,Freiria
699,Ringo,20.84,139.99,Ringo Spry,Monte Francisco
700,Jobey,3.34,4.99,Jobey Yitzowitz,Lumsden
701,Janelle,89.95,899.99,Janelle Ropkes,Buniaga
702,Bert,45.42,29.99,Bert Mallatratt,Tangpu
703,Aldridge,91.23,19.99,Aldridge Avarne,Prapen
704,Angela,10.1,3.49,Angela Caillou,Devesa
705,Chevy,65.24,14.99,Chevy Nurse,Rizómata
706,Zoe,39.99,19.99,Zoe Chimenti,Al Karmil
707,Christian,5.06,44.99,Christian Evett,Debe
708,Shaylyn,81.24,5.99,Shaylyn Spawforth,San Antonio
709,Shalne,22.85,3.49,Shalne Harley,Mhlambanyatsi
710,Raleigh,45.67,4.89,Raleigh Cleaves,Waitangi
711,Lev,13.32,3.29,Lev Aizikowitz,Wenping
712,Shannan,29.74,14.99,Shannan Ipsley,Buhe
713,Rollin,78.98,7.99,Rollin Stranaghan,Kōriyama
714,Court,39.76,2.49,Court Pennycuick,Tongquan
715,Kylila,75.88,15.99,Kylila Stiff,Raposeira
716,Brittany,30.27,49.99,Brittany Stitt,Jomda
717,Massimo,11.41,5.99,Massimo Stodit,Emar
718,Shirl,55.21,15.99,Shirl Cochern,Thị Trấn Than Uyên
719,Artair,73.71,6.89,Artair Downs,Pushkino
720,Aloysius,21.2,10.99,Aloysius Allsepp,Giv'on HaHadasha
721,Quincy,92.82,2.49,Quincy Stirland,Shuiting
722,Debee,34.82,2.99,Debee Mardy,Mapiripán
723,Lucho,44.95,399.99,Lucho Weighell,Huangdu
724,Millie,36.46,3.29,Millie Eat,San Benito
725,Jeannette,7.93,24.99,Jeannette Cock,Lenghu
726,Rudolf,39.06,3.49,Rudolf Sedgemond,Luzhou
727,Kelsey,13.3,3.49,Kelsey Wykes,Siliana
728,Randal,4.37,29.99,Randal Dreus,Khakhea
729,Alexa,90.86,39.99,Alexa Fisby,Cedar Rapids
730,Elena,85.3,45.99,Elena Kuschek,Pásion
731,Luciana,1.49,3.99,Luciana Engall,Tala
732,Cinderella,36.29,9.99,Cinderella Harding,Tupiza
733,Mignonne,61.81,7.49,Mignonne Abbate,Itajubá
734,Olivette,20.3,24.99,Olivette Hughes,Az Zaytūnīyah
735,Benjy,19.14,12.99,Benjy Tunnicliffe,Det Udom
736,Aldridge,44.73,0.99,Aldridge Turn,Shatoja
737,Abra,82.83,15.99,Abra Guinn,Kinnegad
738,Malinde,34.22,24.99,Malinde Mertgen,Linfen
739,Magda,84.88,3.99,Magda Stickens,Saint Louis
740,Rolph,73.77,49.99,Rolph Harmston,Leganes
741,Robina,34.59,15.99,Robina Leeds,Mozzozzin Sur
742,Robinia,2.71,4.99,Robinia Leechman,Vatutino
743,Euell,31.64,2.99,Euell Kennard,São Marcos
744,Biron,96.29,59.99,Biron Drayn,Bělá pod Bezdězem
745,Lauryn,63.13,2.49,Lauryn Havik,Stronie
746,Ophelia,66.41,25.99,Ophelia Linebarger,Henghe
747,Virgil,35.74,29.99,Virgil Sambals,Lautoka
748,Noami,46.04,3.99,Noami Cuerda,Bardalah
749,Rance,98.43,1.99,Rance Nowell,Roioen
750,Federica,12.79,2.99,Federica McLarty,Rimbo
751,Elle,87.61,39.99,Elle Townley,Temuji
752,Tedmund,83.35,4.89,Tedmund McGilvary,Jiang’an
753,Josee,32.45,22.99,Josee Goddert.sf,Rasshevatskaya
754,Ingram,14.93,3.29,Ingram Jell,Rouen
755,Sonya,70.04,24.99,Sonya Sydry,Carpina
756,Ode,94.18,4.49,Ode Lightbourn,Huyunxiang
757,Rosamond,53.23,2.99,Rosamond Salasar,Tinaco
758,Krishnah,44.63,49.99,Krishnah Soots,Jorong Lauk
759,Crichton,24.96,99.99,Crichton Souten,Caleta Cruz
760,Mitch,70.53,24.99,Mitch D'Antonio,Lille
761,Flint,86.71,34.99,Flint O'Crevy,Sayḩūt
762,Isabel,20.81,34.99,Isabel Dinnis,Meruge
763,Prudy,71.62,34.99,Prudy Persey,Póvoa
764,Eleonora,27.32,9.99,Eleonora Sabey,Al Maḩwīt
765,Beck,38.05,39.99,Beck Tathacott,Farranacoush
766,Tadeas,67.28,3.49,Tadeas Lound,Göteborg
767,Bearnard,22.41,79.99,Bearnard Frugier,Paphos
768,Rosette,83.23,19.99,Rosette Molyneux,Saltsjö-Boo
769,Fifine,24.45,3.29,Fifine Thies,Amizmiz
770,Leilah,40.86,3.49,Leilah Knaggs,Lagunas
771,Cyrille,59.72,44.99,Cyrille Antonsen,Biloxi
772,Sky,80.96,39.99,Sky Schuh,Gagarin
773,Arel,72.63,39.99,Arel Bick,Patrída
774,Camala,71.81,24.99,Camala Merryman,Port-Cartier
775,Elsa,73.98,4.99,Elsa Hanrott,‘Akko
776,Dodie,35.52,8.99,Dodie Langlois,Pingshan
777,Malina,24.01,99.99,Malina Betteson,Pedreira
778,Konstance,18.37,2.49,Konstance Brain,Orekhovo-Zuyevo
779,Sella,12.52,22,Sella Oulett,Pokrov
780,Kalindi,60.5,3.79,Kalindi Prydie,Nyachera
781,Etienne,10.12,3.99,Etienne Rathke,Sumberejo
782,Carolann,85.76,129.99,Carolann Honack,Ukhta
783,Conn,29.44,49.99,Conn Capitano,Flores da Cunha
784,Aksel,77.84,1.99,Aksel Domenget,Dobrá
785,Jessie,22.46,149.99,Jessie Cushe,Puerto Morazán
786,Kendal,34.89,10.99,Kendal Honniebal,Tanamiting
787,Verne,40.02,29.99,Verne Olive,Buk
788,Desmond,66.2,19.99,Desmond Skynner,Pavshino
789,Joly,37.69,29.99,Joly Foottit,Sidomulyo Kulon
790,Elisabet,58.39,22.99,Elisabet MacLachlan,Sumaré
791,Giordano,1.25,6.49,Giordano Duigenan,Tabwakea Village
792,Tanner,15.39,3.99,Tanner Petto,Zbrosławice
793,Harald,6.71,3.49,Harald Knappitt,Svitlovods’k
794,Karin,37.14,19.99,Karin Trout,Ústí nad Orlicí
795,Antonietta,42.98,4.19,Antonietta Fourmy,Mayrtup
796,Micheil,45.37,59.99,Micheil O'Loughnan,Ciguna
797,Annabel,13.04,1.99,Annabel Alcido,Maoping
798,Ester,61.59,12.99,Ester Longmuir,Panaitólion
799,Piggy,4.73,29.99,Piggy Sivior,Yarumal
800,Sonia,99.93,14.99,Sonia Barry,Briey
801,Wayland,34.51,109.99,Wayland Richardson,Jobabo
802,Gardiner,83.27,299.99,Gardiner Batalle,Bubanza
803,Cassondra,8.39,29.99,Cassondra Crowdace,Trzcińsko Zdrój
804,Nelly,44.21,2.99,Nelly Leadston,Maple Ridge
805,Cathryn,54.26,4.29,Cathryn Ciobutaru,San Juan de Dios
806,Kippy,41.92,39.99,Kippy Tucknutt,Santo Tomás
807,Adriena,62.8,19.99,Adriena O'Fallon,Prokhorovka
808,Mickie,38.27,29.99,Mickie Berzins,Xiadu
809,Veda,39.71,3.79,Veda Hinchon,Dīvāndarreh
810,Pail,52.61,89,Pail Zeal,Pokrovskoye-Streshnëvo
811,Lyndell,60.73,49.99,Lyndell Pidwell,Ngudu
812,Randie,68.91,79.99,Randie Symmers,Jicomé
813,Valma,76.24,19.99,Valma Marquiss,Langob
814,Peria,90.83,25.99,Peria Matthisson,Anse Royale
815,Carce,79.61,24.99,Carce MacCumeskey,Namboongan
816,Ertha,41.6,2.49,Ertha Massimi,Hedong
817,Drucill,48.48,89.99,Drucill Roggero,Nanshe
818,Bowie,40.61,69.99,Bowie Corhard,Jacksonville
819,Horatius,92.38,49.99,Horatius Shrimptone,Ariguaní
820,Ardis,76.74,49.99,Ardis Springett,Doāba
821,Wells,63.09,34.99,Wells Breakspear,Nanyang
822,Dagny,2.12,29.99,Dagny Brotherhed,Bellavista
823,Esma,61.65,12.99,Esma Shaxby,Sanjwāl
824,Ashla,2.08,79.99,Ashla Bum,Borås
825,Kristoforo,95.93,6.49,Kristoforo Nowaczyk,Youhua
826,Ynez,7.78,299.99,Ynez Covelle,Tiksi
827,Gratia,85.02,49.99,Gratia Powell,Ambulong
828,Hart,2.46,3.79,Hart Shrimplin,Zdounky
829,Darci,3.07,29.99,Darci Kendal,Toong
830,Tami,43.17,24.99,Tami Wolfenden,Oussivo
831,Belita,39.28,4.79,Belita Wigley,Watulumbung
832,Corrina,86.34,79.99,Corrina Lettuce,Neuilly-sur-Seine
833,Jerrome,85.26,39.99,Jerrome Jacquemot,Lipov
834,Sherlock,26.19,4.99,Sherlock Martinets,Jiuxi
835,Joann,19.92,29.99,Joann Lampens,Rotterdam
836,Bill,82.17,24.99,Bill Beilby,Ikang
837,Thedrick,87.75,18.99,Thedrick Sowray,Nynäshamn
838,Franklyn,97.19,3.99,Franklyn Leonards,Guijalo
839,Juliet,93.85,2.99,Juliet Peagrim,Purwosari
840,Doloritas,23.42,4.19,Doloritas Jery,Cibalung
841,Jeremie,69.17,3.49,Jeremie Porkiss,Mlawe
842,Joan,81.46,199.99,Joan Vivian,Hinlayagan Ilaud
843,Ferdinand,69.56,4.99,Ferdinand Bisterfeld,Nagaoka
844,Philbert,22.1,19.99,Philbert Tomik,Anju
845,Lissi,84.54,4.99,Lissi Sowerby,Skellefteå
846,Mathilda,32.69,39.99,Mathilda Domican,Sîngerei
847,Dicky,88.4,25,Dicky Davenport,Novodvinsk
848,Bessy,83.99,8.99,Bessy Brokenshaw,Psevdás
849,Barnebas,59.68,2.49,Barnebas Giorgio,Jianxin
850,Lauretta,35.21,3.49,Lauretta Scholl,Sennoy
851,Darbie,40.86,149.99,Darbie Dauncey,Washington
852,Carol,12.18,19.99,Carol Palliser,Cernik
853,Anstice,79.38,6.99,Anstice MacLoughlin,Saint-Gratien
854,Pattin,20.47,22.99,Pattin Crim,Sosándra
855,Rikki,38.94,39.99,Rikki Brimilcome,Shchūchīnsk
856,Greg,86.89,4.49,Greg Duggon,Mucurapo
857,Silas,42.05,3.49,Silas Ebbotts,Zhugentan
858,Anya,39.4,29.99,Anya Cordaroy,Gilowice
859,Emily,80.74,4.49,Emily Aherne,Fréjus
860,Tobie,97.07,1.89,Tobie Salkeld,Timezgana
861,Arty,99.42,34.99,Arty Forrest,Kotayk’
862,Colver,4.14,49.99,Colver Novello,Kuvandyk
863,Valeria,75.91,29.99,Valeria Bagnold,Hörby
864,Nancee,83.63,16.99,Nancee Minchinton,Itsukaichi
865,Melinda,84.51,5.99,Melinda Juschka,Margabakti
866,Lorrin,56.8,10.99,Lorrin Hargreaves,Santa Monica
867,Orlan,21.73,39.99,Orlan Gehricke,Lyubech
868,Oby,59.72,1.99,Oby Hannaby,Velká Polom
869,Sadella,97.27,3.99,Sadella Plampin,Notodden
870,Demott,45.33,3.59,Demott Payley,Halmstad
871,Othella,76.63,3.99,Othella Steart,Hongcao
872,Matty,95.5,15.99,Matty Suero,Sutysky
873,Earle,86.21,249.99,Earle Pittet,Hekou
874,Aldon,11.56,39.99,Aldon Flament,Bourg-en-Bresse
875,Immanuel,42.35,59.99,Immanuel Froschauer,São Brás de Alportel
876,Buck,7.91,29.99,Buck Worlock,Wieniawa
877,Corinna,55.94,2.49,Corinna Storkes,Asprángeloi
878,Verena,9.3,22.99,Verena Melling,Plasy
879,Sherman,35.55,1.99,Sherman Sayes,Jiangduo
880,Toma,61.02,35.99,Toma Kilby,Sumberrojokrajan
881,Wiatt,16.7,15.99,Wiatt Sellen,Zhaxirabdain
882,Reynold,95.27,9.99,Reynold Wasielewski,Talakag
883,Cross,32.99,2.99,Cross Farlowe,Dukla
884,Elvina,77.58,39.99,Elvina Paradise,São Bento
885,Katuscha,61.63,17.99,Katuscha Nance,Siao
886,Ariel,75.4,49.99,Ariel Brattell,Sungsang
887,Stevena,12.19,3.29,Stevena Czaja,Den Haag
888,Mil,31.87,1.99,Mil Huntress,Botou
889,Etheline,49.34,24.99,Etheline Older,The Valley
890,Zak,86.71,49.99,Zak Matschke,Xinlong
891,Kristoffer,74.51,4.49,Kristoffer Ovesen,Daloa
892,Del,68.43,5.49,Del Antonich,Regente Feijó
893,Aubry,87.36,15.99,Aubry Haythorn,Baishuitan
894,Shaw,45.38,24.99,Shaw Vasser,Ganquan
895,Theobald,15.42,2.99,Theobald Woodhead,Nangakeo
896,Leeanne,12.62,19.99,Leeanne Presland,Pachīr wa Āgām
897,Venus,50.39,1.99,Venus Lutton,Paris 11
898,Camala,67.63,1.29,Camala Joutapaitis,Vardane
899,Adolphe,37.36,3.19,Adolphe Dyet,Yanhu
900,Palm,19.78,3.79,Palm Coultas,Uliastay
901,Maridel,88.78,39.99,Maridel Dangl,Shizukuishi
902,Anderea,28.85,29.99,Anderea Hudspith,Kalisabuk
903,Marlo,35.65,149.99,Marlo Swiffen,San Jose
904,Krista,34.01,3.79,Krista Toomey,Habiganj
905,Dollie,5.21,3.99,Dollie Critchlow,Maquanzhen
906,Gilda,99.4,5.99,Gilda Leabeater,Amor
907,Emilio,80.4,69.99,Emilio Escalante,Beloye
908,Katina,88.23,2.99,Katina Nurcombe,Muara
909,Gardie,72.33,24.99,Gardie Lozano,Radišići
910,Jandy,85.81,6.49,Jandy Clemoes,Hino
911,Ailey,71.56,29.99,Ailey Iacovacci,Bezerros
912,Ancell,29.29,3.29,Ancell Basilio,Shaxi
913,Adolpho,47.74,19.99,Adolpho Olijve,Cube
914,Josey,11.58,79.99,Josey Render,Yangiqo‘rg‘on
915,Sonya,11.05,4.49,Sonya Wade,Hai Riêng
916,Tobe,76.22,19.99,Tobe Yushachkov,General Belgrano
917,Mikey,60.79,1.99,Mikey Couper,Paris 07
918,Wilfrid,58.69,5.49,Wilfrid Champion,Pasirnangka
919,Lalo,86.07,199.99,Lalo Chatten,Ciputat
920,Merrick,92.66,15.99,Merrick Faber,San Juan
921,Efrem,35.16,89.99,Efrem Matzeitis,Jiangshan
922,Claudina,16.37,29.99,Claudina Jermin,Janaka
923,Alverta,77.66,4.49,Alverta Ellerker,Nanzamu
924,Quentin,45.59,199.99,Quentin Drysdell,London
925,Arney,78.16,3.49,Arney Spikings,Karinë
926,Buddy,60.12,4.99,Buddy Hearson,Claye-Souilly
927,Winnie,69.79,5.99,Winnie Perrinchief,Wangji
928,Cameron,94.55,34.99,Cameron Kleinber,Weitang
929,Angie,74.38,39.99,Angie Ambrogiotti,Jaraguá do Sul
930,Jerry,72.94,3.99,Jerry Hankinson,Euclides da Cunha
931,Hedvig,48.04,129.99,Hedvig Summerson,Miskolc
932,Brennan,54.14,19.99,Brennan Cyson,Baryshevo
933,Archer,74.14,24.99,Archer Zelner,Titao
934,Carlos,62.33,2.49,Carlos Tenman,Wuping
935,Pate,29.55,22.99,Pate Deville,Banag
936,Lissa,52.3,12.99,Lissa Bernardeschi,Al Hadā
937,Pietrek,20.75,3.99,Pietrek Jinkin,Xitieshan
938,Julienne,77.95,25.99,Julienne Algy,Bañga
939,Currey,29.62,89,Currey Fetters,Kitale
940,Papagena,66.34,29.99,Papagena Legh,Malārd
941,Oralle,14.03,8.99,Oralle Hovert,Bizerte
942,Rosetta,31.43,49.99,Rosetta McDonagh,Datun
943,Lombard,31.82,5.99,Lombard Monger,Pont-Audemer
944,Minta,21.64,22.99,Minta Nealand,Jingyu
945,Vitia,97.01,5.49,Vitia Gullan,Verkhnyachka
946,Tabitha,49.81,5.49,Tabitha Pepys,Barra dos Coqueiros
947,Marion,13.65,29.99,Marion Kuhne,Starokucherganovka
948,Mia,72.49,7.99,Mia Darington,Lipka
949,Saloma,39.31,2.49,Saloma Hugli,Mons
950,Babette,3.58,29.99,Babette Binner,Chŏngju
951,Concettina,53.07,0.99,Concettina Tranmer,Heqiao
952,Felipe,49.6,19.99,Felipe Kewley,Kuwayris Sharqī
953,Benton,23.57,4.99,Benton Cantwell,Zhanxu
954,Jonis,70.04,99.99,Jonis Fortune,Kousséri
955,Loella,47.15,49.99,Loella Filipczak,Leduc
956,Kevon,96.85,2.99,Kevon Popping,Rāmganj
957,Silvester,24.93,3.49,Silvester Smallridge,Guataquí
958,Nerty,42.95,4.29,Nerty Coper,Brataj
959,Alexi,90.88,19.99,Alexi Joliffe,Hake
960,Romy,40.32,39.99,Romy Haistwell,Yongfu
961,Renell,82.03,15.99,Renell Tomala,Kon Tum
962,Arni,78.77,19.99,Arni Pepis,Jobabo
963,Natty,23.73,129.99,Natty Burkert,Karangtengah Lor
964,Alysa,35.84,3.49,Alysa Bruneau,Mīrpur Māthelo
965,Coreen,81.91,3.99,Coreen Leipold,Florencia
966,Melisenda,26.91,99.99,Melisenda Hackly,Penha
967,Camel,43.98,4.99,Camel Lowle,Simitli
968,Baudoin,47.84,3.49,Baudoin Dundredge,Stockholm
969,Gavrielle,94.8,4.49,Gavrielle Screaton,La Unión
970,Alexio,3.39,19.99,Alexio Breeton,Golubac
971,Esteban,95.55,3.99,Esteban Lande,Evansville
972,Zak,58.47,2.49,Zak Becerra,Sawin
973,Ranna,38.96,3.49,Ranna Fossett,Guzhuyingzi
974,Claus,72.22,4.99,Claus Bartolomivis,Karangtengah
975,Laureen,72.4,19.99,Laureen Bartolomucci,Belyy Gorodok
976,Verla,18.73,3.79,Verla Velte,Staryy Oskol
977,Falito,66.14,34.99,Falito Klasen,Nikol’sk
978,Codi,48.23,5.99,Codi Stanbrooke,Shah Alam
979,Richy,17.69,39.99,Richy Wollrauch,Nanzhen
980,Terrill,34.72,6.99,Terrill Bottomer,Xijiang
981,Tiffany,59.31,6.99,Tiffany Stothert,Desa Borogojol
982,Mitch,46.13,28.99,Mitch Dalgardno,Beidaihehaibin
983,Lazaro,22.98,79.99,Lazaro Halsall,Sedayulawas
984,Vance,90.22,8.99,Vance Shadfourth,Pung-Pang
985,Yolanda,79.74,5.49,Yolanda Kaliszewski,Ala-Buka
986,Kiah,12.87,59.99,Kiah Pirkis,Kermānshāh
987,Siusan,68.6,15.99,Siusan Mc Queen,Zushi
988,Edithe,67.66,5.99,Edithe Rubinov,Regueiro
989,Nev,86.15,49.99,Nev Aliman,Amparafaravola
990,Arabella,99.71,2.99,Arabella McAline,Gabahan
991,Sybyl,39.77,3.99,Sybyl Swayte,Catac
992,My,42.86,39.99,My MacCafferty,Brdów
993,Allin,50.98,2.49,Allin Shortall,Krajan Kidul Rojopolo
994,Gene,27.91,4.29,Gene Bischoff,Vasyshcheve
995,Paddie,24.12,89.99,Paddie Bumphries,Novoselec
996,Gwenneth,12.45,39.99,Gwenneth Ghilardi,Imus
997,Elsie,2.09,22.99,Elsie Spindler,Qinhong
998,Chery,54.12,59.99,Chery Jedrys,Mababanaba
999,Dynah,33.17,8.99,Dynah Aldwinckle,Guadalupe
1000,Lucita,39.39,109.99,Lucita Yakobowitch,Chenchang
